{
  "train": {
    "loss": [
      1.8124331400925722,
      0.9402811136384877,
      0.6510262443285533,
      0.5329751366262245,
      0.46618247597004786,
      0.4234683970195651,
      0.39076205825173566,
      0.36627260981626986,
      0.3487396737397791,
      0.33321218848091044,
      0.317214242308954,
      0.30899168327401033,
      0.2921801236389925,
      0.2869726812865544,
      0.28100694166686807
    ],
    "accuracy": [
      0.37807134623551536,
      0.7102620882120974,
      0.8010222653643148,
      0.8369228902505612,
      0.8583388946186981,
      0.8685615482618455,
      0.8805890917915428,
      0.8892950312443123,
      0.892692471030759,
      0.8994418491779409,
      0.9050385245404357,
      0.9066007401565249,
      0.9122429169447309,
      0.9137899654189164,
      0.9146696596493357
    ],
    "f1_macro": [
      0.3013051869617001,
      0.6854535564206408,
      0.7878788018350067,
      0.8278232652825206,
      0.8500597086070865,
      0.8616230786270395,
      0.8745809721553307,
      0.8834526134199117,
      0.8879755359399537,
      0.8947000089495722,
      0.9004064739381052,
      0.9023023518964356,
      0.9080836765350959,
      0.9099936012430347,
      0.9105436701289384
    ]
  },
  "val": {
    "loss": [
      1.194894661089666,
      0.7295407390675854,
      0.5090727443703206,
      0.4540886925633857,
      0.48726597348984596,
      0.3501677604136613,
      0.3257033957027331,
      0.29067073049805675,
      0.34294866738872726,
      0.3439578732003938,
      0.2952212585605452,
      0.3194301844416218,
      0.27697848261012964,
      0.2610416933029585,
      0.27980639556162185
    ],
    "accuracy": [
      0.6412286689419795,
      0.7684641638225256,
      0.8498293515358362,
      0.8567918088737201,
      0.8425938566552901,
      0.8996587030716724,
      0.9053924914675768,
      0.9169965870307167,
      0.8967918088737201,
      0.894334470989761,
      0.9126279863481229,
      0.9071672354948805,
      0.917815699658703,
      0.9249146757679181,
      0.9182252559726962
    ],
    "f1_macro": [
      0.6019727073043122,
      0.7498064807302788,
      0.8431270975990837,
      0.8515160517481055,
      0.8404580094313404,
      0.8956042769877524,
      0.9019401355493282,
      0.9126870416691407,
      0.8948180964202649,
      0.8919245749312393,
      0.9109430048684043,
      0.9026538484270507,
      0.9145457203093029,
      0.922812159392784,
      0.9167389651729808
    ]
  }
}