{
  "loss": 0.2877778585659044,
  "accuracy": 0.9133758451137062,
  "precision_macro": 0.9093033864923081,
  "recall_macro": 0.9086802419809275,
  "f1_macro": 0.9069068038597052,
  "precision_weighted": 0.918475315836865,
  "recall_weighted": 0.9133758451137062,
  "f1_weighted": 0.9140470519804977,
  "model_name": "resnet18cifar",
  "params_m": 11.174,
  "sec_per_epoch": 1850.517,
  "img_per_s": 35.6,
  "epochs": 5
}