{
  "loss": 0.23824681913149307,
  "accuracy": 0.9306238475722188,
  "precision_macro": 0.9251120196544894,
  "recall_macro": 0.9281810278559449,
  "f1_macro": 0.9256120419065434,
  "precision_weighted": 0.9326568826772734,
  "recall_weighted": 0.9306238475722188,
  "f1_weighted": 0.9308203159966583,
  "model_name": "resnet18cifar",
  "params_m": 11.174,
  "sec_per_epoch": 1480.346,
  "img_per_s": 44.5,
  "epochs": 5
}