{
  "loss": 0.2784365034389144,
  "accuracy": 0.9149892440073756,
  "precision_macro": 0.9118803783891188,
  "recall_macro": 0.9098444175756433,
  "f1_macro": 0.9094300919585436,
  "precision_weighted": 0.9179764586166732,
  "recall_weighted": 0.9149892440073756,
  "f1_weighted": 0.9153209138918627,
  "model_name": "resnet18cifar",
  "params_m": 11.174,
  "sec_per_epoch": 744.997,
  "img_per_s": 88.5,
  "epochs": 5
}