{
  "loss": 0.2400601094550858,
  "accuracy": 0.9283574062692072,
  "precision_macro": 0.9309997780968257,
  "recall_macro": 0.9205704745609825,
  "f1_macro": 0.9243959650476746,
  "precision_weighted": 0.9306272141058569,
  "recall_weighted": 0.9283574062692072,
  "f1_weighted": 0.9281676693651385,
  "model_name": "resnet18cifar",
  "params_m": 11.174,
  "sec_per_epoch": 1742.916,
  "img_per_s": 37.8,
  "epochs": 5
}