{
  "train": {
    "loss": [
      1.447486281220676,
      0.5191479004614534,
      0.33892528372898434,
      0.3131712548739729,
      0.3788805872376202,
      0.2747170822749361,
      0.2741400890967302,
      0.2843892738571641,
      0.21511883597973494,
      0.23842919866243997,
      0.25308858812378165,
      0.3081186780194093,
      0.3210379109004436,
      0.16568921859327115,
      0.17524747489488612
    ],
    "accuracy": [
      0.5061677631578947,
      0.852400097465887,
      0.8968841374269005,
      0.9111537524366472,
      0.896807992202729,
      0.9247532894736842,
      0.9262609649122807,
      0.9252253898635477,
      0.9408047027290448,
      0.9353374756335283,
      0.9313474658869396,
      0.9140777290448343,
      0.9107273391812866,
      0.9530488547758285,
      0.9476120857699805
    ]
  },
  "val": {
    "loss": [
      0.7720998580708032,
      0.3794524152693895,
      0.3810685362872817,
      0.2550356608039283,
      0.4273298956469057,
      0.31660041254535065,
      0.2945690622345986,
      0.22352171094547765,
      0.25534741956015905,
      0.5761167235382588,
      0.2565938280772024,
      0.28682874554253274,
      0.22158316719247212,
      0.34043660658211433,
      0.23367133686566924
    ],
    "accuracy": [
      0.7657337883959044,
      0.8813651877133106,
      0.8787713310580205,
      0.9251877133105803,
      0.8708532423208191,
      0.9030716723549488,
      0.917542662116041,
      0.9347440273037543,
      0.9344709897610921,
      0.8311262798634812,
      0.9280546075085324,
      0.9167235494880546,
      0.9380204778156996,
      0.9049829351535836,
      0.9335153583617748
    ],
    "f1_macro": [
      0.7052637811387678,
      0.8844727590405339,
      0.8936053549326406,
      0.9243597684051797,
      0.9174478705304348,
      0.9044287499190895,
      0.9156103324423832,
      0.9318261730162873,
      0.9305157116984532,
      0.8508703160504568,
      0.9243294282327049,
      0.9310521080420718,
      0.9356370675769623,
      0.9302096935007214,
      0.9314505426759145
    ]
  }
}