{
  "loss": 0.2705051626943707,
  "accuracy": 0.9175245851259988,
  "precision_macro": 0.9132650832113581,
  "recall_macro": 0.9104314445917465,
  "f1_macro": 0.9105255433787505,
  "precision_weighted": 0.9198550814761509,
  "recall_weighted": 0.9175245851259988,
  "f1_weighted": 0.9177171116246867,
  "model_name": "resnet18cifar",
  "params_m": 11.174,
  "sec_per_epoch": 729.491,
  "img_per_s": 90.4,
  "epochs": 5
}