{
  "train": {
    "loss": [
      5.455074569825039,
      2.6401209011895417,
      1.6105143602977916,
      1.362916433904484,
      1.1330375914028936,
      1.0216381046325484,
      0.9688889349627204,
      0.8891736444958002,
      0.8393277797943136,
      0.8019197676277693,
      0.7584920695617362,
      0.7474585709001648,
      0.7108930464993762,
      0.6846072966053106,
      0.6671887951330284
    ],
    "accuracy": [
      0.4023539404234666,
      0.7354395437723715,
      0.8352090032154341,
      0.8372414002305406,
      0.8836528544561063,
      0.8910847539889584,
      0.8900533883395013,
      0.9007158890978584,
      0.9008675605168962,
      0.9014439119092398,
      0.9132439483103804,
      0.9063580658860644,
      0.9153066796092945,
      0.9186737851119335,
      0.9164442152520779
    ]
  },
  "val": {
    "loss": [
      1.822706412797088,
      0.5686047415521771,
      0.40497105013795276,
      0.4781375155514011,
      0.338372897483383,
      0.3570309686538709,
      0.3120101341289872,
      0.2854092574750197,
      0.26132988472440544,
      0.26575550535433123,
      0.251823800901911,
      0.3418870260202844,
      0.2559818677202427,
      0.24328186051023698,
      0.2666966060363392
    ],
    "accuracy": [
      0.49119453924914674,
      0.8326279863481229,
      0.8767235494880546,
      0.8531058020477815,
      0.9006143344709897,
      0.8913310580204779,
      0.903481228668942,
      0.9120819112627986,
      0.9198634812286689,
      0.9205460750853243,
      0.9262798634812287,
      0.8965187713310581,
      0.9220477815699659,
      0.9273720136518772,
      0.9219112627986348
    ],
    "f1_macro": [
      0.3728232051422533,
      0.8232950998658797,
      0.8713519049557332,
      0.8555886440524887,
      0.8969291188323133,
      0.8860289879536977,
      0.8986350518345306,
      0.9100548938421392,
      0.9166854406185436,
      0.9166848636980086,
      0.9231543920442824,
      0.892193428473273,
      0.920165898143598,
      0.9239357438796796,
      0.9192563664483112
    ]
  }
}