{
  "loss": 0.34289068500176484,
  "accuracy": 0.8953979717271051,
  "precision_macro": 0.8923451660284822,
  "recall_macro": 0.8885324194916876,
  "f1_macro": 0.8890105150287706,
  "precision_weighted": 0.8980784268670637,
  "recall_weighted": 0.8953979717271051,
  "f1_weighted": 0.8954351231538766
}