{
  "loss": 0.37778337176181676,
  "accuracy": 0.8824139520590043,
  "precision_macro": 0.8873903819515652,
  "recall_macro": 0.8706534323238874,
  "f1_macro": 0.8757197201179799,
  "precision_weighted": 0.8878993433233449,
  "recall_weighted": 0.8824139520590043,
  "f1_weighted": 0.8822895239440244
}