{
  "loss": 0.2835719927128796,
  "accuracy": 0.9179471419791027,
  "precision_macro": 0.9135605489628549,
  "recall_macro": 0.9130821033787291,
  "f1_macro": 0.9124102429215835,
  "precision_weighted": 0.919160748365042,
  "recall_weighted": 0.9179471419791027,
  "f1_weighted": 0.9178000285928932
}