{
  "loss": 0.2895259933377895,
  "accuracy": 0.9145282728948986,
  "precision_macro": 0.9117149609907476,
  "recall_macro": 0.9060831270896677,
  "f1_macro": 0.9075319930637452,
  "precision_weighted": 0.9158500687184192,
  "recall_weighted": 0.9145282728948986,
  "f1_weighted": 0.9141839188109011
}