{
  "loss": 0.23000647161515417,
  "accuracy": 0.9342347879532883,
  "precision_macro": 0.932361964580809,
  "recall_macro": 0.9265482714348607,
  "f1_macro": 0.9289640898974267,
  "precision_weighted": 0.9351924914652788,
  "recall_weighted": 0.9342347879532883,
  "f1_weighted": 0.9341866766952873
}