{
  "loss": 0.26826475580814213,
  "accuracy": 0.9225952673632453,
  "precision_macro": 0.9222021619635982,
  "recall_macro": 0.9155001682113684,
  "f1_macro": 0.9182601081208961,
  "precision_weighted": 0.9235589091456586,
  "recall_weighted": 0.9225952673632453,
  "f1_weighted": 0.922470132794865
}