{
  "loss": 0.25056938996473266,
  "accuracy": 0.9284342347879533,
  "precision_macro": 0.9217363751197517,
  "recall_macro": 0.9230019050052134,
  "f1_macro": 0.9218270222364685,
  "precision_weighted": 0.9295251861512753,
  "recall_weighted": 0.9284342347879533,
  "f1_weighted": 0.9285649643991619
}