{
  "loss": 0.24518686729885716,
  "accuracy": 0.9301628764597418,
  "precision_macro": 0.9269496023796426,
  "recall_macro": 0.9214229187426926,
  "f1_macro": 0.9224726713423538,
  "precision_weighted": 0.9318039780087491,
  "recall_weighted": 0.9301628764597418,
  "f1_weighted": 0.9297768584056824
}