{
  "loss": 0.2758459237065869,
  "accuracy": 0.9194837123540258,
  "precision_macro": 0.9129244425305222,
  "recall_macro": 0.9175196012153313,
  "f1_macro": 0.912586381935987,
  "precision_weighted": 0.9242251136495994,
  "recall_weighted": 0.9194837123540258,
  "f1_weighted": 0.9197048004423756
}