{
  "loss": 0.2750978250132064,
  "accuracy": 0.9196757836508912,
  "precision_macro": 0.9154375182610481,
  "recall_macro": 0.9132146099944839,
  "f1_macro": 0.9130916725760571,
  "precision_weighted": 0.9214454610194399,
  "recall_weighted": 0.9196757836508912,
  "f1_weighted": 0.919385037237553
}