{
  "loss": 0.26469336579237235,
  "accuracy": 0.9229409956976029,
  "precision_macro": 0.9261937549501772,
  "recall_macro": 0.9074937546926718,
  "f1_macro": 0.9138410417797665,
  "precision_weighted": 0.9257955836676084,
  "recall_weighted": 0.9229409956976029,
  "f1_weighted": 0.9222344619830264
}