{
  "loss": 0.34050135546179,
  "accuracy": 0.8955132145052244,
  "precision_macro": 0.9085540094788872,
  "recall_macro": 0.8767453473243865,
  "f1_macro": 0.8900391808999334,
  "precision_weighted": 0.9004940794061159,
  "recall_weighted": 0.8955132145052244,
  "f1_weighted": 0.8953723512237289
}