{
  "loss": 0.2391222410851926,
  "accuracy": 0.9329671173939766,
  "precision_macro": 0.930697705196643,
  "recall_macro": 0.925498084923863,
  "f1_macro": 0.9275989614828019,
  "precision_weighted": 0.9337818459009727,
  "recall_weighted": 0.9329671173939766,
  "f1_weighted": 0.9329807372613299
}