{
  "loss": 0.25426625683399967,
  "accuracy": 0.9274354640442533,
  "precision_macro": 0.920863149023804,
  "recall_macro": 0.9216635570320857,
  "f1_macro": 0.9198706715285369,
  "precision_weighted": 0.9298221117188118,
  "recall_weighted": 0.9274354640442533,
  "f1_weighted": 0.9275056131252739
}