{
  "loss": 0.3324823446191742,
  "accuracy": 0.9003534111862324,
  "precision_macro": 0.9010985859817083,
  "recall_macro": 0.8889513971412836,
  "f1_macro": 0.8941360384277488,
  "precision_weighted": 0.9012077556834096,
  "recall_weighted": 0.9003534111862324,
  "f1_weighted": 0.9000613354427537
}