{
  "loss": 0.3064514513241417,
  "accuracy": 0.9087661339889367,
  "precision_macro": 0.9065322317849167,
  "recall_macro": 0.9018592240756587,
  "f1_macro": 0.9022839452132662,
  "precision_weighted": 0.9121130968612474,
  "recall_weighted": 0.9087661339889367,
  "f1_weighted": 0.9089212337696294
}