{
  "loss": 0.24126963365935225,
  "accuracy": 0.9301628764597418,
  "precision_macro": 0.9265601033465535,
  "recall_macro": 0.9245662684660839,
  "f1_macro": 0.9250899106167502,
  "precision_weighted": 0.9310755472086145,
  "recall_weighted": 0.9301628764597418,
  "f1_weighted": 0.9301337814869366
}