{
  "loss": 0.37198107212910125,
  "accuracy": 0.889059618930547,
  "precision_macro": 0.8818348525783503,
  "recall_macro": 0.884001559208062,
  "f1_macro": 0.8814308362240647,
  "precision_weighted": 0.8937424301926953,
  "recall_weighted": 0.889059618930547,
  "f1_weighted": 0.8901082445253838
}