{
  "loss": 0.4055776049113376,
  "accuracy": 0.8754225568531039,
  "precision_macro": 0.8860739843218278,
  "recall_macro": 0.8605498279182608,
  "f1_macro": 0.8693925257427603,
  "precision_weighted": 0.8825097827871324,
  "recall_weighted": 0.8754225568531039,
  "f1_weighted": 0.8745508351134339
}