{
  "loss": 0.3042778939961215,
  "accuracy": 0.9096112476951445,
  "precision_macro": 0.9089473752753566,
  "recall_macro": 0.898892549573984,
  "f1_macro": 0.9031117703175493,
  "precision_weighted": 0.9109595757100393,
  "recall_weighted": 0.9096112476951445,
  "f1_weighted": 0.9096494059035782
}