{
  "loss": 0.27305399556429605,
  "accuracy": 0.9184849416103258,
  "precision_macro": 0.9250527543226397,
  "recall_macro": 0.9080061095204416,
  "f1_macro": 0.9150176368281437,
  "precision_weighted": 0.9208347774227873,
  "recall_weighted": 0.9184849416103258,
  "f1_weighted": 0.9178865224714136
}