{
  "train": {
    "loss": [
      1.7907796992641163,
      0.8242850416545432,
      0.517481366904812,
      0.4036171035697027,
      0.34627612121098106,
      0.31182840960643277,
      0.2849742661783477,
      0.26621401592748284,
      0.24737959831586012,
      0.237326439703067,
      0.2245338313534213,
      0.21641854923945106,
      0.20682452187581252,
      0.1987083545390288,
      0.18827408958351424
    ],
    "accuracy": [
      0.3867166171206698,
      0.7548079839834981,
      0.84526481829764,
      0.8794970575744707,
      0.8968179336285871,
      0.9079506157859613,
      0.9158526967178305,
      0.9213583692289025,
      0.9270157131590123,
      0.9297154644178851,
      0.9340077655766548,
      0.93667718255172,
      0.939634775222957,
      0.9415458351028332,
      0.9455499605654311
    ],
    "f1_macro": [
      0.31590655220941966,
      0.7337156567657129,
      0.8355898537838694,
      0.8723581759958787,
      0.8907567344192019,
      0.9025489419154782,
      0.9114353992470725,
      0.916986870328085,
      0.9231292595457627,
      0.9259752153957569,
      0.9308489400967737,
      0.9333328024593086,
      0.9367397317490864,
      0.9385600699166385,
      0.9430796669987155
    ]
  },
  "val": {
    "loss": [
      1.3272227957142906,
      0.6276471062365653,
      0.4682569335629916,
      0.3505342017831249,
      0.3771083830627565,
      0.35248247506268604,
      0.2946221273425496,
      0.3031326450219333,
      0.34045833355737626,
      0.3403063217609002,
      0.29035066931727804,
      0.24473598676329994,
      0.29930978930240604,
      0.30167366130767015,
      0.32336372664967494
    ],
    "accuracy": [
      0.5507167235494881,
      0.8199317406143345,
      0.8544709897610921,
      0.8955631399317406,
      0.8832764505119454,
      0.8887372013651877,
      0.9107167235494881,
      0.908122866894198,
      0.8917406143344709,
      0.9012969283276451,
      0.9111262798634813,
      0.9284641638225256,
      0.9131740614334471,
      0.9078498293515358,
      0.9038907849829352
    ],
    "f1_macro": [
      0.4749367802590034,
      0.8139228858039397,
      0.8455784616554963,
      0.8903648768515537,
      0.8832390659998124,
      0.8818780829598701,
      0.9060958910197542,
      0.9038702892185716,
      0.8923424310631326,
      0.8961413155734513,
      0.9033462174817781,
      0.9249938292092198,
      0.9119652084760949,
      0.9033780495067012,
      0.9057401670141425
    ]
  }
}