{
  "loss": 0.28755470280568146,
  "accuracy": 0.9190611555009219,
  "precision_macro": 0.9161798060639498,
  "recall_macro": 0.911199067911719,
  "f1_macro": 0.9127684739598589,
  "precision_weighted": 0.9209059914083045,
  "recall_weighted": 0.9190611555009219,
  "f1_weighted": 0.9191750350700789
}