{
  "loss": 0.25550279581773916,
  "accuracy": 0.9290872771972957,
  "precision_macro": 0.9337206033883888,
  "recall_macro": 0.9209861904187278,
  "f1_macro": 0.9262054859562243,
  "precision_weighted": 0.9309440638258338,
  "recall_weighted": 0.9290872771972957,
  "f1_weighted": 0.9286183635830271
}