{
  "loss": 0.27299634869580774,
  "accuracy": 0.9226720958819914,
  "precision_macro": 0.9195739252223423,
  "recall_macro": 0.9176630029811472,
  "f1_macro": 0.9183847489613812,
  "precision_weighted": 0.9232979658523801,
  "recall_weighted": 0.9226720958819914,
  "f1_weighted": 0.9227496672293368
}