{
  "loss": 0.3209614832487733,
  "accuracy": 0.9036570374923172,
  "precision_macro": 0.9019437153289103,
  "recall_macro": 0.895320256449572,
  "f1_macro": 0.8978580430200562,
  "precision_weighted": 0.9041946549688292,
  "recall_weighted": 0.9036570374923172,
  "f1_weighted": 0.9033471932945678
}