{
  "loss": 0.25387773522219925,
  "accuracy": 0.9280500921942225,
  "precision_macro": 0.9240696465872738,
  "recall_macro": 0.9219976535227534,
  "f1_macro": 0.9217231663804238,
  "precision_weighted": 0.9300408484878111,
  "recall_weighted": 0.9280500921942225,
  "f1_weighted": 0.9279779512913681
}