{
  "loss": 0.41091041766065867,
  "accuracy": 0.87450061462815,
  "precision_macro": 0.8734580073692643,
  "recall_macro": 0.8679952368978107,
  "f1_macro": 0.8687194673185001,
  "precision_weighted": 0.8793411880548646,
  "recall_weighted": 0.87450061462815,
  "f1_weighted": 0.8748791707014293
}