{
  "loss": 0.37325228680183936,
  "accuracy": 0.8847188076213891,
  "precision_macro": 0.8822330611394253,
  "recall_macro": 0.8755156972319943,
  "f1_macro": 0.8760778950409256,
  "precision_weighted": 0.8892276485169465,
  "recall_weighted": 0.8847188076213891,
  "f1_weighted": 0.884676309613088
}