{
  "train": {
    "loss": [
      1.905495383948773,
      1.1291952224015858,
      0.7682428052108178,
      0.6293035792015655,
      0.5532196322734557,
      0.5092825116206017,
      0.47921985974699766,
      0.45719013202250425,
      0.4391927535362645,
      0.41437190374052,
      0.4047784209396049,
      0.3873623423149507,
      0.38525294345399963,
      0.3755626511275099,
      0.3655852544389433
    ],
    "accuracy": [
      0.3334041133288843,
      0.6430413152945459,
      0.7603439907783778,
      0.803069829521325,
      0.8272007522902384,
      0.8401989929017776,
      0.8499969665716193,
      0.8560638233331311,
      0.8631013771764848,
      0.8714736395073712,
      0.8743857307528969,
      0.8800279075411029,
      0.8809531031972335,
      0.8844112115512953,
      0.8870502942425529
    ],
    "f1_macro": [
      0.2527600508181959,
      0.6114304037712087,
      0.7452714770988358,
      0.7920582878108609,
      0.8174054199454828,
      0.8322901296216834,
      0.8427067625895944,
      0.8484754518730504,
      0.8564472793934904,
      0.8646006414471508,
      0.8678974830188079,
      0.8741823804010558,
      0.8746661088104991,
      0.8792345150391343,
      0.8815586961122971
    ]
  },
  "val": {
    "loss": [
      1.3682720242588187,
      0.7397112164236986,
      0.7297706364039268,
      0.4173314578500624,
      0.4095801567136224,
      0.3602832181624585,
      0.3549399293384454,
      0.34843272552148474,
      0.32167986584401376,
      0.29487581473161745,
      0.27372174589910603,
      0.35638271799063115,
      0.3082605988509419,
      0.26445656810807694,
      0.2757422988121827
    ],
    "accuracy": [
      0.5380204778156996,
      0.7920819112627986,
      0.773924914675768,
      0.8730375426621161,
      0.8744027303754266,
      0.8920136518771331,
      0.8896928327645052,
      0.9023890784982935,
      0.9056655290102389,
      0.9141296928327645,
      0.9195904436860068,
      0.8931058020477816,
      0.90839590443686,
      0.9225938566552901,
      0.9167235494880546
    ],
    "f1_macro": [
      0.4345250426776525,
      0.7789078612698134,
      0.751582231963335,
      0.860860173428611,
      0.8676526068492777,
      0.8883708296157484,
      0.8876619313936226,
      0.8964860387376008,
      0.9030659873166481,
      0.9087196745839187,
      0.9167991815431537,
      0.8864775218205875,
      0.9042279931755285,
      0.9200345877201073,
      0.9122252372519813
    ]
  }
}