{
  "loss": 0.3414768658866894,
  "accuracy": 0.895858942839582,
  "precision_macro": 0.9000486658632166,
  "recall_macro": 0.8829935403960102,
  "f1_macro": 0.8898644226594978,
  "precision_weighted": 0.8987386204971612,
  "recall_weighted": 0.895858942839582,
  "f1_weighted": 0.8957758010392987
}