{
  "loss": 0.2853756767148684,
  "accuracy": 0.9184465273509527,
  "precision_macro": 0.9115219378155652,
  "recall_macro": 0.915393306494716,
  "f1_macro": 0.9121677275239991,
  "precision_weighted": 0.9213915706083188,
  "recall_weighted": 0.9184465273509527,
  "f1_weighted": 0.9188490523238992
}